P001,Café en grano 1kg,3200.0,15
P002,Yerba orgánica 500g,2500.0,25
P003,Té verde 250g,1900.0,20
P004,Azúcar mascabo 1kg,2100.0,18
P005,Miel pura 500g,2800.0,12
P006,Harina integral 1kg,1700.0,30
P007,Avena instantánea 1kg,2300.0,22
P008,Granola natural 500g,3100.0,16
P009,Cacao amargo 250g,2900.0,14
P010,Sal marina 1kg,1500.0,28
